bench,CRuby 3.3.6 (ms),CRuby 3.3.6 RSD,CRuby 3.5.0dev (ms),CRuby 3.5.0dev RSD,YJIT 3.3.6 (ms),YJIT 3.3.6 RSD,YJIT 3.5.0dev (ms),YJIT 3.5.0dev RSD,CRuby 3.5.0dev spd,CRuby 3.5.0dev spd RSD,YJIT 3.3.6 spd,YJIT 3.3.6 spd RSD,YJIT 3.5.0dev spd,YJIT 3.5.0dev spd RSD,% in YJIT
activerecord,277.12081540377,0.13230882088600077,278.7233358445625,0.055165732698613336,134.00154978160907,0.31680172072473656,135.0804095580971,0.07380748774060605,0.9942504977707135,0.1433488128601653,2.0680418685859348,0.3433204834238671,2.051524838504301,0.15150303406474586,99.94045197148571
chunky-png,702.6079533157874,0.4524778254628453,704.6385817633276,0.27841556636548725,396.83995107700935,0.059699712490529404,303.56681822451384,0.11805441368009022,0.9971181986055055,0.5312733854901825,1.7705071059729112,0.45639920925329935,2.314508408478783,0.46762487864198904,99.9967973825282
erubi-rails,928.9787400000153,0.1199786319222507,931.7242812963674,0.06694200183498507,601.1023553002815,0.0820741680478138,596.0338077000074,0.07713749008145855,0.9970532684921207,0.1373903334576711,1.5454584927319786,0.14536519933834127,1.5586007504923007,0.14263612618829086,99.94012164711266
hexapdf,2150.5125959999987,0.5498689173914272,2058.755000199926,0.6211512297614296,1240.1860357997066,2.643218994383036,1258.9361278001888,3.358192177965312,1.04456945862483,0.8295689703378234,1.7340241979206676,2.6998078595671373,1.7081983339041293,3.4029120662251366,97.83560017939902
liquid-c,45.59166390658472,0.40737913013716787,44.03619446085748,0.9111745809762519,36.03052702688528,0.4597280355516751,34.56495560951699,0.6105205274330503,1.0353225219565658,0.9980966249259456,1.2653621156461325,0.6142537117051209,1.3190141026546458,0.733957130960961,99.76694668187308
liquid-compile,45.61067010719179,0.286451036583584,46.23650261645908,0.9162061767234281,36.823381098175744,0.3075428841314447,36.86972979683495,0.2309186450984097,0.9864645361596941,0.9599416412605357,1.2386334102669179,0.42028183631903127,1.2370763322249025,0.3679369742413707,99.96015995888519
liquid-render,120.91530274589235,0.19206946778548079,122.9869272761127,0.13631692173847476,52.6108243537867,0.23095275610932495,53.05264866991935,0.0942852745898058,0.9831557338970716,0.23552703370876832,2.298297056377323,0.30038284906081303,2.279156758000866,0.21396353301409315,99.90060973707868
lobsters,842.9386620643908,0.8087209658179363,853.7304169333765,0.7062459476652386,593.2121246997667,0.9657102554337591,597.3884818999522,1.156057501289914,0.9873592943920751,1.0736912680780575,1.4209734207489677,1.2596133922769446,1.41103936149469,1.4108502921437747,99.51582245137271
mail,103.86494440636488,0.2561629132284635,106.38601441155433,0.18816971457843534,73.44236688202322,0.27850000372607087,74.32308634090586,0.2410309394316886,0.9763026181671147,0.31784788751574733,1.414237432914057,0.3783935652057455,1.3974788927622857,0.35173193184158824,99.89035990275917
psych-load,1997.7454215454186,0.058613328554190346,2003.6779475997719,0.08586057313365078,1225.9527255002467,0.05949464955473456,1163.4831465999923,0.0898502180082069,0.9970391818398461,0.1039594166155258,1.629545234487116,0.08351727731339273,1.7170385556364636,0.10727806840320984,99.9973978421181
railsbench,2257.0914051004365,0.03848898123954548,2241.4149004998762,0.3844376316140621,1425.8327555999358,0.2268506725503586,1339.650878700013,0.050431502331921896,1.006994021765923,0.3863595401667822,1.5829987046066556,0.23009265375802007,1.6848355351288993,0.06344082364150648,99.81868617439832
rubocop,135.07639511163518,1.4407781756459288,135.2681548512073,0.6517012277455897,81.82930044698733,0.5372778619044823,84.57853848612098,0.13370041281365605,0.9985823733621335,1.5813147193594068,1.6507093959472827,1.537696085808331,1.597052840228502,1.4469684004165926,99.8775646794879
ruby-lsp,135.51451260647266,0.6226483018225184,131.32009233181898,0.11672913996390337,80.44054627103306,0.10026125061264103,79.23011375311123,0.10194065784001605,1.031940430441179,0.6334955405361419,1.6846543054279575,0.6306688720215046,1.7103914936781377,0.6309380361678326,99.76028648755549
sequel,45.65506079479144,0.7175561296101067,45.346892330226694,0.5250648980305451,38.09643713686189,0.2647612101219652,37.67773009250189,0.5108188975091614,1.0067958011834768,0.8891456271527534,1.1984076261718415,0.7648433156707873,1.2117253529526475,0.8808080069989779,99.25499085365489
binarytrees,296.17649413387306,1.1170079876419317,299.3354294374626,1.831115713586912,123.65910282381222,2.910233353799913,127.72457853512802,4.243297033735311,0.989446837918498,2.144922283207665,2.3951046657346464,3.1172367600208633,2.318868439659136,4.387855576584394,99.99483410530843
blurhash,302.1029983157381,0.5074730530291214,301.56265906321335,0.03363038927483593,168.27241144961562,0.04380491966453598,146.27446425640173,0.0848247883800038,1.0017917976124873,0.5085861801440091,1.7953210256702967,0.5093601579801015,2.0653160471412666,0.5145135025190397,99.99364639132372
erubi,176.52513130305482,0.10130676480690512,154.41405788937308,0.1362645839209232,151.93403064863932,0.07156572186876527,115.80549089475508,0.21309184180530208,1.1431933964815741,0.16979722443780965,1.1618538029263803,0.1240351286621619,1.5243243644075757,0.2359474382984852,99.98355159462754
etanni,224.3851461781708,0.08032089637781019,215.47392179259919,0.0858847576593995,202.05130013131236,0.08404879495992448,181.8947227304623,0.08292203507907994,1.04135639390343,0.11759097751591618,1.1105355225744342,0.11625681196880615,1.2335989896236421,0.11544483659562729,99.98402713105283
fannkuchredux,415.37419272053205,0.10467562745889186,416.86112265676064,0.1488709244230805,93.51116884883217,0.3873084145750406,94.62620210058033,0.09955956274982082,0.9964330328365667,0.1819877444293853,4.4419741281601945,0.4012041811653317,4.389631872565502,0.14446139110104206,55.72253697204346
fluentd,344.5300012926964,0.25215272028709024,362.2708308461696,5.3896704204725925,299.8476708600447,0.2692459310415235,268.9932625862325,0.26948556675424123,0.9510288214150853,5.395565608503468,1.149016766761905,0.3688825907122704,1.2808127533761138,0.3690575362149297,99.97145691597017
graphql,252.1473826491274,0.20807619254461998,256.07076141593893,0.2633114847866551,205.4925735729114,0.17019550563552147,212.2578024022222,0.3699367869032165,0.984678536725094,0.3356019069141572,1.2270389059080147,0.26881631654792937,1.1879298654534998,0.42443954599935857,98.7139026015475
graphql-native,408.526060217401,0.0770711872875493,360.62776903797186,0.1997276548872239,381.13946165513283,0.11951441356420227,319.4878250910733,0.07149962283074815,1.1328191983307467,0.2140820030657937,1.0718545344093717,0.14220992567154966,1.278690541966494,0.10512927268297703,99.96744237191135
lee,930.0153938928426,0.8107387561484822,912.2972549285629,0.6358386945066323,645.6149131002348,0.07319973198638609,599.8918511995726,0.9003610677523265,1.019421453773493,1.0303340119364628,1.4405110151915792,0.8140365664293386,1.5503050958820979,1.2115887846316908,99.96697201061787
matmul,451.1257826773896,0.09391767089137731,447.44868633332527,0.11709269817626343,184.44083067258595,0.33929419654661963,187.46406294542547,0.23113421423578087,1.0082179173978514,0.15010406014448305,2.445910599254539,0.35205266753126185,2.406465407765761,0.24948658059313114,99.81970884279616
nbody,80.01910637462811,1.680785592588497,77.31749791404734,0.10391741747649995,47.49141592427023,0.611253102055771,42.064463740572656,0.1326741744627293,1.0349417471266869,1.6839949637418903,1.6849172596206967,1.7884827544670003,1.9022970759388729,1.686013832927367,99.80754162313349
nqueens,199.47311804794208,0.0662383525461383,200.57045155862053,0.07146311688990932,199.56944071287077,0.08509760047356883,46.58657690599331,0.07670091305518598,0.9945289373277512,0.09743970660694412,0.9995173476230398,0.10783840203928122,4.2817723751298,0.10134371915183349,96.25278279888296
optcarrot,4626.514671900077,0.1757903336541751,4671.752991600011,0.15003951494747966,1384.8438554000495,0.745247241302293,1484.815294099917,0.93321021436136,0.9903166285158324,0.23111490097334958,3.340820449799796,0.7656994789569367,3.115885652770456,0.9496228438673019,99.50528758773778
protoboeuf,130.12679074333303,0.05863806586695027,135.2043852534881,0.842770501839535,38.17059042528053,0.056072858490805316,32.63737221658429,0.056343973131050794,0.9624450456940775,0.8448079909301749,3.409085091257838,0.08113315122652809,3.9870486471705178,0.08132076042936005,99.99010125724301
protoboeuf-encode,150.1318667230897,0.13322847592937467,131.09582585715071,1.3413677540154438,63.076310739436906,0.35512452122887483,33.96527521747736,5.011671484869821,1.145207070793251,1.3479678328175715,2.3801624566039092,0.37929309560879376,4.420157521521775,5.013442021112416,99.9877218465671
rack,42.15004461391033,0.45972732079301,42.03727305641747,0.37138095278123917,25.22472941352843,0.6597903005955185,25.26240568694813,0.6051915140344357,1.002682656349795,0.5909932500225532,1.6709810409821317,0.8041594681675045,1.6684889450448193,0.7600039329785154,99.88881784719362
ruby-json,243.8456651345267,0.12331712650021277,247.37485058119245,0.1966747285271775,202.30663806061705,0.09864634922571366,204.26852567007447,0.12741781898504395,0.9857334509212472,0.23213802473853448,1.2053270593200374,0.1579183836791364,1.19375055131291,0.17732008990290668,99.9781547476482
rubykon,841.3230932903623,1.4137888638257112,867.7563320665286,1.35309524295418,431.29783271416227,1.7090332241258983,431.4181200497842,1.3233395387366442,0.9695384086530184,1.956953164483715,1.9506777671380964,2.218015670062716,1.9501338821681307,1.9364985118148967,99.9474629866888
sudoku,469.55964701685275,0.12104799497473531,458.3412499180399,0.10409413164793731,109.45144566964667,0.08144168437727121,114.73030092417473,0.03560903502614208,1.0244760799967685,0.1596502594139504,4.290118272481367,0.14589504803663014,4.092725663878323,0.12617694109026642,99.61563941642096
tinygql,618.065313522617,0.22596681576931862,620.2477849094314,0.10289225107208588,313.70402415197293,0.19536984967108975,296.1864303268577,0.1786131064721562,0.9964812911228161,0.24828978464609924,1.9702179951099295,0.2987145459957204,2.086744192975176,0.2880341015098021,99.99301465049167
30k_ifelse,670.3584083250007,0.26595584290055774,675.7750448251045,0.26888644938331463,120.5288928638251,0.031449839536631566,133.37031659884707,0.035692494363124945,0.9919845567817532,0.37819628902847785,5.561806736932191,0.2678088922717579,5.0262938967245105,0.26834020296408784,99.94133868296404
30k_methods,556.8184259591919,0.05354581429194441,530.1325523268605,0.1789861753542362,86.0414001389765,0.04068323461131398,88.33845563287366,0.04778390305463733,1.0503381154679177,0.186823995236492,6.471517491112454,0.06724789815768678,6.303239308068472,0.0717666748520675,99.96004891169265
cfunc_itself,73.70855166997332,0.09025701273261802,74.27328780700681,0.08463643783663448,27.495529689845544,0.032641820569862555,25.142530910868228,0.09211889141603381,0.9923965108626817,0.12373219046428648,2.680746743249498,0.09597821001420621,2.931628161511446,0.1289659586989334,95.22077343838133
fib,187.7769525935418,0.11155960285017241,190.04328939214918,1.516320225221969,33.227432730364434,0.49932611089409284,33.125452399545054,0.4680864766689353,0.9880746286498396,1.5204185510593098,5.651262741762905,0.5116366972850052,5.66866077264867,0.48119693954598874,99.99562560154031
getivar,106.32734820857955,2.659090297670054,107.16719653987639,3.2407423786750096,25.398243650391635,0.025762669088840003,13.103746400393323,0.03594793769522901,0.9921631958433816,4.1920367813394925,4.186405551194088,2.6592150959036007,8.114270908462332,2.6593332745986458,77.37006147372401
keyword_args,211.44067679556196,0.016851482705268955,211.23824049271312,0.02679533783330826,33.84306056317497,0.038981044896599745,29.243848885214145,0.052675486377915096,1.0009583317034674,0.03165379280539853,6.247681896289043,0.04246756798542511,7.230261571433148,0.055305328265149084,96.3099034225259
loops-times,939.6119324815286,0.03301110320226391,944.0436665925315,0.05667655002568148,325.71661642850813,0.15430630941125187,266.84409198409526,1.2465766594741399,0.9953055835573803,0.0655893608555846,2.8847528344866156,0.1577978772314492,3.5212019329156905,1.2470136730927757,99.99493387923877
object-new,79.38255532169947,0.20011193488814288,82.99632986277824,0.1106277160740682,51.48998099617983,0.19898271552851474,57.45787558041585,0.18970762513936051,0.9564586223625359,0.22865536960334212,1.5417087710245816,0.28220366327136537,1.3815783218542195,0.2757422157028054,89.25519190285544
respond_to,205.54107576594208,0.08501561734060914,203.97875217470633,0.08082358375937253,9.485934908813487,0.42965301413974966,10.450445523828355,0.6686157950467819,1.007659246733197,0.11730348197523033,21.667982939137776,0.43798329620109583,19.66816393590896,0.6739990627425568,95.71684235790684
ruby-xor,113.25526453077215,2.0399203233073986,114.38639611633546,0.06523447577961468,36.00589091467184,0.08055886003945534,19.740750887083987,0.16266794729654527,0.9901113102259739,2.040963121242714,3.1454648573803907,2.0415103858108137,5.7371305265228285,2.046395803973472,99.99051058825974
setivar,60.81525406952931,0.2216199383455982,61.22946638969149,0.3167942864996364,10.08814824435353,0.34060022117108113,4.648710921200135,0.05611964150045474,0.9932350819860826,0.38661869720840003,6.028386240613426,0.4063544114859542,13.082175919389913,0.22861498471107777,84.77289143204158
setivar_object,75.88672933763421,0.18705705484968527,73.26586418760901,5.298829167437633,40.531928075208434,0.022235988721189794,35.31534876647777,0.021898483318951785,1.0357719816600273,5.302129844454663,1.872270403638921,0.1883740453551047,2.1488313718613994,0.18833450385075107,83.60495165458552
setivar_young,75.45497777862754,0.2616737473864559,72.4622944352296,1.8462515706077494,40.96489065553771,0.5880990430871844,36.102372209909156,0.5800938395829733,1.041299870045834,1.8647031967696233,1.8419426140571766,0.6436875286591567,2.0900282491109303,0.6363819708267882,83.72974708234733
str_concat,70.862960295935,0.4183094092611878,69.7493602376177,1.504199029978101,21.35807552141405,0.1903495429269812,20.766581562499084,0.8568597217900734,1.015965738675216,1.5612807190455866,3.3178532506304848,0.459582104056451,3.41235557150636,0.9535152566700786,99.89985274898604
throw,20.074141054363817,0.6270848895693512,20.5776748334681,0.19728526061985543,12.016534036382708,0.3583562464346207,12.27048029353063,0.37206645085564977,0.9755300935028226,0.6573864409797707,1.6705433524829145,0.7222566428112074,1.6359702777850933,0.7291562950277019,99.98584558063054
